-- --------------------------------------------------------
-- Host:                         127.0.0.1
-- Server version:               8.0.30 - MySQL Community Server - GPL
-- Server OS:                    Win64
-- HeidiSQL Version:             12.1.0.6537
-- --------------------------------------------------------

/*!40101 SET @OLD_CHARACTER_SET_CLIENT=@@CHARACTER_SET_CLIENT */;
/*!40101 SET NAMES utf8 */;
/*!50503 SET NAMES utf8mb4 */;
/*!40103 SET @OLD_TIME_ZONE=@@TIME_ZONE */;
/*!40103 SET TIME_ZONE='+00:00' */;
/*!40014 SET @OLD_FOREIGN_KEY_CHECKS=@@FOREIGN_KEY_CHECKS, FOREIGN_KEY_CHECKS=0 */;
/*!40101 SET @OLD_SQL_MODE=@@SQL_MODE, SQL_MODE='NO_AUTO_VALUE_ON_ZERO' */;
/*!40111 SET @OLD_SQL_NOTES=@@SQL_NOTES, SQL_NOTES=0 */;

-- Dumping data for table nnpso.best_bpnn: ~0 rows (approximately)
INSERT INTO `best_bpnn` (`hidden`, `learning_rate`, `rmse`, `computing_time`) VALUES
	(2, 0.5, 0.124857, 0.0840251),
	(2, 0.6, 0.127447, 0.0704842),
	(2, 0.7, 0.128761, 0.0720096),
	(2, 0.8, 0.129355, 0.0685778),
	(2, 0.9, 0.129422, 0.0735266),
	(2, 1, 0.129035, 0.0685041),
	(3, 0.5, 0.140259, 0.0729957),
	(3, 0.6, 0.141688, 0.0699356),
	(3, 0.7, 0.142146, 0.0684807),
	(3, 0.8, 0.141834, 0.0685365),
	(3, 0.9, 0.140944, 0.0709391),
	(3, 1, 0.139666, 0.0685489),
	(4, 0.5, 0.129457, 0.0695291),
	(4, 0.6, 0.129929, 0.0690005),
	(4, 0.7, 0.130357, 0.0704958),
	(4, 0.8, 0.130939, 0.0770714),
	(4, 0.9, 0.131671, 0.075582),
	(4, 1, 0.132433, 0.0684247),
	(5, 0.5, 0.134044, 0.0695045),
	(5, 0.6, 0.13353, 0.0755403),
	(5, 0.7, 0.133135, 0.0704541),
	(5, 0.8, 0.133262, 0.0685086),
	(5, 0.9, 0.133803, 0.0715494),
	(5, 1, 0.134476, 0.069505),
	(6, 0.5, 0.126936, 0.0825455),
	(6, 0.6, 0.130466, 0.0695033),
	(6, 0.7, 0.133054, 0.0734713),
	(6, 0.8, 0.13471, 0.0745144),
	(6, 0.9, 0.135443, 0.0720007),
	(6, 1, 0.135302, 0.0695047),
	(7, 0.5, 0.126202, 0.0684862),
	(7, 0.6, 0.12715, 0.0687158),
	(7, 0.7, 0.127617, 0.0695555),
	(7, 0.8, 0.127781, 0.0695074),
	(7, 0.9, 0.127751, 0.0696387),
	(7, 1, 0.127585, 0.0705373),
	(8, 0.5, 0.128767, 0.0686731),
	(8, 0.6, 0.13098, 0.0695038),
	(8, 0.7, 0.13287, 0.0845389),
	(8, 0.8, 0.134433, 0.068567),
	(8, 0.9, 0.135655, 0.0695486),
	(8, 1, 0.136532, 0.0705478);

-- Dumping data for table nnpso.best_nnpso: ~36 rows (approximately)
INSERT INTO `best_nnpso` (`num_particles`, `learning_rate`, `w`, `bpnn_error`, `nnpso_error`, `bpnn_time`, `nnpso_time`, `improve_error`, `improve_error_percent`, `improve_time`, `improve_time_percent`) VALUES
	(50, 0.5, 0.4, 0.126202, 0.201699, 0.0715299, 0.0439999, -0.075497, -59.8222, 0.02753, 38.4874),
	(60, 0.5, 0.4, 0.126202, 0.176569, 0.070544, 0.0530002, -0.0503667, -39.9095, 0.0175438, 24.8693),
	(50, 0.5, 0.5, 0.126202, 0.252083, 0.07515, 0.0485904, -0.12588, -99.7449, 0.0265596, 35.3421),
	(60, 0.5, 0.5, 0.126202, 0.134991, 0.069, 0.0525427, -0.00878869, -6.96397, 0.0164573, 23.8512),
	(50, 0.5, 0.6, 0.126202, 0.332915, 0.0714355, 0.0445447, -0.206713, -163.795, 0.0268908, 37.6434),
	(60, 0.5, 0.6, 0.126202, 0.300935, 0.0720005, 0.0535364, -0.174733, -138.455, 0.0184641, 25.6444),
	(50, 0.6, 0.4, 0.12715, 0.24291, 0.0745251, 0.0475199, -0.11576, -91.0422, 0.0270052, 36.2364),
	(60, 0.6, 0.4, 0.12715, 0.15665, 0.0709288, 0.0530052, -0.0295002, -23.2011, 0.0179236, 25.2698),
	(50, 0.6, 0.5, 0.12715, 0.17838, 0.0705509, 0.0449922, -0.0512302, -40.2911, 0.0255587, 36.2273),
	(60, 0.6, 0.5, 0.12715, 0.355777, 0.0703132, 0.0519991, -0.228627, -179.809, 0.0183141, 26.0465),
	(50, 0.6, 0.6, 0.12715, 0.115028, 0.0755401, 0.0455203, 0.0121223, 9.53384, 0.0300198, 39.7402),
	(60, 0.6, 0.6, 0.12715, 0.384032, 0.0705431, 0.0539913, -0.256882, -202.031, 0.0165517, 23.4633),
	(50, 0.7, 0.4, 0.127617, 0.123562, 0.0696368, 0.0439944, 0.00405495, 3.17744, 0.0256424, 36.823),
	(60, 0.7, 0.4, 0.127617, 0.155771, 0.0715449, 0.0559993, -0.0281541, -22.0614, 0.0155456, 21.7285),
	(50, 0.7, 0.5, 0.127617, 0.146966, 0.0704484, 0.043999, -0.0193495, -15.1622, 0.0264494, 37.5444),
	(60, 0.7, 0.5, 0.127617, 0.130084, 0.0705202, 0.053, -0.00246707, -1.93319, 0.0175202, 24.8442),
	(50, 0.7, 0.6, 0.127617, 0.101273, 0.0704405, 0.0449994, 0.0263439, 20.643, 0.0254412, 36.1172),
	(60, 0.7, 0.6, 0.127617, 0.116612, 0.0749969, 0.0565343, 0.0110049, 8.62339, 0.0184627, 24.6179),
	(50, 0.8, 0.4, 0.127781, 0.111241, 0.0704536, 0.043998, 0.0165395, 12.9436, 0.0264556, 37.5504),
	(60, 0.8, 0.4, 0.127781, 0.224016, 0.0751586, 0.0550032, -0.0962356, -75.3131, 0.0201554, 26.8172),
	(50, 0.8, 0.5, 0.127781, 0.10971, 0.0745435, 0.0459921, 0.0180704, 14.1417, 0.0285513, 38.3016),
	(60, 0.8, 0.5, 0.127781, 0.257979, 0.0765193, 0.0604939, -0.130198, -101.892, 0.0160253, 20.9428),
	(50, 0.8, 0.6, 0.127781, 0.147166, 0.0710151, 0.045527, -0.0193855, -15.1709, 0.0254881, 35.8911),
	(60, 0.8, 0.6, 0.127781, 0.348997, 0.0695279, 0.0535393, -0.221216, -173.122, 0.0159886, 22.9959),
	(50, 0.9, 0.4, 0.127751, 0.131882, 0.0755401, 0.0490007, -0.00413154, -3.23406, 0.0265393, 35.1328),
	(60, 0.9, 0.4, 0.127751, 0.240866, 0.0705392, 0.0535467, -0.113115, -88.5437, 0.0169926, 24.0895),
	(50, 0.9, 0.5, 0.127751, 0.146644, 0.0705314, 0.0445428, -0.0188931, -14.789, 0.0259886, 36.8468),
	(60, 0.9, 0.5, 0.127751, 0.302152, 0.0705352, 0.0525448, -0.174401, -136.516, 0.0179904, 25.5055),
	(50, 0.9, 0.6, 0.127751, 0.141429, 0.0760903, 0.0459878, -0.0136778, -10.7066, 0.0301025, 39.5615),
	(60, 0.9, 0.6, 0.127751, 0.392192, 0.0715418, 0.0519919, -0.264441, -206.997, 0.0195498, 27.3265),
	(50, 1, 0.4, 0.127585, 0.131481, 0.0804772, 0.0449979, -0.00389537, -3.05315, 0.0354793, 44.0861),
	(60, 1, 0.4, 0.127585, 0.365968, 0.0695069, 0.0550039, -0.238383, -186.842, 0.014503, 20.8656),
	(50, 1, 0.5, 0.127585, 0.435303, 0.0739961, 0.0465281, -0.307717, -241.186, 0.027468, 37.1208),
	(60, 1, 0.5, 0.127585, 0.365968, 0.0695052, 0.0555062, -0.238383, -186.842, 0.013999, 20.1409),
	(50, 1, 0.6, 0.127585, 0.477996, 0.0695379, 0.0450146, -0.350411, -274.649, 0.0245233, 35.266),
	(60, 1, 0.6, 0.127585, 0.365968, 0.0705404, 0.0560043, -0.238383, -186.842, 0.0145361, 20.6068);

-- Dumping data for table nnpso.best_particle: ~20 rows (approximately)
INSERT INTO `best_particle` (`num_particles`, `w`, `learning_rate`, `bpnn_error`, `nnpso_error`, `bpnn_time`, `nnpso_time`, `improve_error`, `improve_error_percent`, `improve_time`, `improve_time_percent`) VALUES
	(10, 0.5, 0.1, 0.112278, 0.226018, 0.0705316, 0.00981903, -0.11374, -101.302, 0.0607126, 86.0785),
	(20, 0.5, 0.1, 0.112278, 0.203374, 0.0725293, 0.0190039, -0.0910957, -81.1337, 0.0535254, 73.7984),
	(30, 0.5, 0.1, 0.112278, 0.22327, 0.0775075, 0.0280182, -0.110991, -98.8534, 0.0494893, 63.8509),
	(40, 0.5, 0.1, 0.112278, 0.215639, 0.0705254, 0.0365064, -0.103361, -92.0574, 0.034019, 48.2365),
	(50, 0.5, 0.1, 0.112278, 0.199546, 0.0694849, 0.0429995, -0.0872677, -77.7244, 0.0264854, 38.1168),
	(60, 0.5, 0.1, 0.112278, 0.19896, 0.0725212, 0.0580158, -0.0866815, -77.2022, 0.0145054, 20.0016),
	(70, 0.5, 0.1, 0.112278, 0.192085, 0.0725403, 0.0619991, -0.0798067, -71.0792, 0.0105412, 14.5315),
	(80, 0.5, 0.1, 0.112278, 0.19993, 0.0694597, 0.074002, -0.0876519, -78.0666, -0.00454235, -6.53955),
	(90, 0.5, 0.1, 0.112278, 0.166632, 0.0695465, 0.0785315, -0.0543534, -48.4095, -0.00898504, -12.9195),
	(100, 0.5, 0.1, 0.112278, 0.178085, 0.0875285, 0.0935099, -0.0658068, -58.6103, -0.00598145, -6.83371);

/*!40103 SET TIME_ZONE=IFNULL(@OLD_TIME_ZONE, 'system') */;
/*!40101 SET SQL_MODE=IFNULL(@OLD_SQL_MODE, '') */;
/*!40014 SET FOREIGN_KEY_CHECKS=IFNULL(@OLD_FOREIGN_KEY_CHECKS, 1) */;
/*!40101 SET CHARACTER_SET_CLIENT=@OLD_CHARACTER_SET_CLIENT */;
/*!40111 SET SQL_NOTES=IFNULL(@OLD_SQL_NOTES, 1) */;
